direction_extraction,direction_rh,date_validation,certificateur
direction financière,Direction Financière,2025-06-16,ty
dsi,DSI,2025-06-16,ty
direction technique,Direction Technique,2025-06-16,ty
direction générale,Direction Générale,2025-06-16,ty
service comptabilité,Service Comptabilité,2025-06-16,ty
direction commerciale,Direction Commerciale,2025-06-16,ty
direction rh,Direction RH,2025-06-16,ty
service informatique,Service Informatique,2025-06-16,ty
direction marketing,Direction Marketing,2025-06-16,ty
service client,Service Client,2025-06-16,ty
service it,Service Informatique,2025-06-16,ty
